                  epoch,         train/box_loss,         train/cls_loss,         train/dfl_loss,   metrics/precision(B),      metrics/recall(B),       metrics/mAP50(B),    metrics/mAP50-95(B),           val/box_loss,           val/cls_loss,           val/dfl_loss,                 lr/pg0,                 lr/pg1,                 lr/pg2
                      1,                0.85226,                0.58096,                  1.095,                0.89218,                0.87173,                0.92826,                0.68771,                 0.9161,                0.60447,                 1.1984,             0.00041639,             0.00041639,             0.00041639
                      2,                0.85583,                0.58607,                 1.0928,                0.89289,                0.86949,                0.92854,                0.68851,                0.90968,                0.60578,                 1.1869,             0.00081244,             0.00081244,             0.00081244
                      3,                0.86319,                0.59147,                  1.095,                0.89798,                 0.8733,                  0.931,                0.69303,                0.91042,                0.59139,                 1.1918,              0.0011879,              0.0011879,              0.0011879
                      4,                0.86183,                0.59041,                 1.0928,                0.88817,                 0.8775,                0.93075,                0.69589,                0.89616,                0.59309,                 1.1755,              0.0011572,              0.0011572,              0.0011572
                      5,                0.85897,                0.58639,                  1.091,                0.89714,                0.88099,                0.93472,                0.70175,                0.89332,                0.57199,                 1.1724,              0.0011263,              0.0011263,              0.0011263
                      6,                0.85434,                 0.5813,                 1.0871,                0.89757,                0.88061,                0.93548,                 0.7025,                0.88631,                 0.5786,                 1.1692,              0.0010953,              0.0010953,              0.0010953
