                  epoch,         train/box_loss,         train/cls_loss,         train/dfl_loss,   metrics/precision(B),      metrics/recall(B),       metrics/mAP50(B),    metrics/mAP50-95(B),           val/box_loss,           val/cls_loss,           val/dfl_loss,                 lr/pg0,                 lr/pg1,                 lr/pg2
                      1,                0.82008,                0.53606,                 1.0678,                0.91084,                0.89998,                0.94985,                0.73123,                0.82919,                0.50883,                  1.119,             0.00041614,             0.00041614,             0.00041614
                      2,                0.82458,                0.54401,                 1.0704,                0.90967,                0.89731,                0.94774,                0.72509,                0.84415,                0.52204,                 1.1297,             0.00077784,             0.00077784,             0.00077784
                      3,                0.83122,                0.54863,                 1.0724,                0.90703,                  0.897,                0.94687,                 0.7228,                0.84662,                0.52354,                 1.1283,              0.0010845,              0.0010845,              0.0010845
                      4,                   0.83,                0.54715,                 1.0715,                0.90604,                0.89385,                0.94595,                0.72271,                0.84662,                0.52144,                 1.1296,              0.0010025,              0.0010025,              0.0010025
                      5,                0.82568,                0.54426,                 1.0703,                0.91236,                0.89638,                0.94746,                0.72574,                0.84723,                0.51866,                 1.1289,                0.00092,                0.00092,                0.00092
                      6,                 0.8367,                 0.5251,                 1.0827,                0.90899,                0.89319,                 0.9475,                0.72642,                0.84458,                0.52265,                 1.1281,              0.0008375,              0.0008375,              0.0008375
